resp,task01,task02,task03,task04,task05,task06
1,3.0,1.0,3.0,3.0,1.0,1.0
2,1.0,1.0,3.0,4.0,1.0,1.0
3,2.0,3.0,4.0,3.0,4.0,2.0
4,2.0,4.0,1.0,2.0,1.0,2.0
5,4.0,1.0,4.0,1.0,1.0,1.0
6,2.0,4.0,1.0,1.0,1.0,2.0
7,3.0,1.0,4.0,4.0,4.0,4.0
8,1.0,2.0,2.0,1.0,1.0,4.0
9,2.0,1.0,1.0,2.0,1.0,1.0
10,4.0,2.0,3.0,4.0,4.0,4.0
11,1.0,1.0,1.0,1.0,4.0,4.0
12,2.0,4.0,1.0,3.0,3.0,1.0
13,4.0,1.0,1.0,2.0,1.0,2.0
14,3.0,3.0,2.0,3.0,3.0,3.0
15,2.0,3.0,2.0,3.0,1.0,4.0
16,3.0,3.0,1.0,2.0,3.0,2.0
17,4.0,1.0,3.0,2.0,4.0,3.0
18,2.0,2.0,4.0,4.0,3.0,2.0
19,1.0,4.0,3.0,2.0,4.0,3.0
20,1.0,1.0,1.0,1.0,1.0,1.0
21,4.0,3.0,4.0,1.0,4.0,2.0
22,3.0,2.0,3.0,2.0,4.0,2.0
23,3.0,3.0,3.0,3.0,1.0,1.0
24,2.0,3.0,2.0,3.0,4.0,1.0
25,4.0,4.0,4.0,2.0,4.0,4.0
26,1.0,2.0,1.0,1.0,3.0,2.0
27,3.0,3.0,1.0,1.0,1.0,4.0
28,2.0,2.0,4.0,2.0,1.0,2.0
29,3.0,3.0,4.0,3.0,4.0,4.0
30,1.0,3.0,1.0,3.0,3.0,4.0
31,2.0,1.0,1.0,4.0,4.0,1.0
32,2.0,2.0,4.0,4.0,4.0,3.0
33,2.0,1.0,1.0,3.0,3.0,4.0
34,3.0,2.0,2.0,2.0,3.0,3.0
35,1.0,1.0,3.0,2.0,3.0,4.0
36,1.0,1.0,1.0,1.0,1.0,3.0
37,4.0,4.0,1.0,2.0,2.0,4.0
38,1.0,2.0,4.0,4.0,4.0,2.0
39,4.0,3.0,3.0,3.0,3.0,2.0
40,2.0,1.0,1.0,1.0,1.0,1.0
41,1.0,4.0,3.0,2.0,4.0,4.0
42,2.0,4.0,4.0,4.0,3.0,3.0
43,1.0,3.0,2.0,2.0,2.0,2.0
44,2.0,2.0,4.0,2.0,4.0,4.0
45,1.0,2.0,2.0,2.0,2.0,3.0
46,4.0,4.0,1.0,4.0,1.0,3.0
47,4.0,4.0,1.0,3.0,1.0,3.0
48,3.0,4.0,4.0,3.0,2.0,1.0
49,4.0,2.0,2.0,3.0,1.0,3.0
50,1.0,3.0,1.0,3.0,1.0,3.0
51,2.0,2.0,2.0,2.0,1.0,4.0
52,2.0,2.0,1.0,1.0,2.0,3.0
53,2.0,1.0,2.0,4.0,1.0,1.0
54,2.0,1.0,2.0,4.0,1.0,2.0
55,3.0,3.0,4.0,1.0,1.0,4.0
56,2.0,2.0,2.0,1.0,1.0,3.0
57,4.0,2.0,1.0,4.0,3.0,4.0
58,2.0,1.0,4.0,2.0,3.0,2.0
59,4.0,4.0,2.0,1.0,1.0,1.0
60,3.0,1.0,2.0,1.0,4.0,1.0
61,1.0,1.0,2.0,1.0,1.0,4.0
62,2.0,2.0,1.0,2.0,2.0,1.0
63,2.0,1.0,2.0,1.0,1.0,1.0
64,4.0,2.0,4.0,4.0,4.0,2.0
65,4.0,4.0,3.0,4.0,2.0,2.0
66,1.0,4.0,2.0,3.0,2.0,1.0
67,4.0,1.0,2.0,1.0,3.0,1.0
68,2.0,1.0,4.0,3.0,3.0,2.0
69,2.0,2.0,1.0,2.0,1.0,1.0
70,2.0,3.0,3.0,1.0,2.0,2.0
71,2.0,4.0,2.0,2.0,3.0,4.0
72,2.0,1.0,1.0,4.0,1.0,1.0
73,2.0,1.0,2.0,4.0,2.0,1.0
74,4.0,4.0,3.0,3.0,4.0,2.0
75,3.0,4.0,4.0,1.0,4.0,2.0
76,2.0,3.0,2.0,4.0,1.0,4.0
77,3.0,1.0,1.0,1.0,3.0,1.0
78,1.0,3.0,2.0,1.0,2.0,4.0
79,1.0,4.0,1.0,2.0,3.0,1.0
80,3.0,1.0,2.0,2.0,1.0,1.0
81,4.0,2.0,2.0,4.0,3.0,1.0
82,1.0,3.0,4.0,1.0,4.0,2.0
83,2.0,2.0,4.0,3.0,1.0,3.0
84,1.0,1.0,1.0,3.0,4.0,3.0
85,2.0,4.0,2.0,2.0,3.0,2.0
86,4.0,2.0,2.0,2.0,3.0,1.0
87,3.0,3.0,2.0,2.0,1.0,3.0
88,4.0,3.0,2.0,2.0,2.0,2.0
89,2.0,4.0,1.0,1.0,1.0,2.0
90,2.0,4.0,3.0,1.0,2.0,2.0
91,4.0,4.0,3.0,3.0,2.0,3.0
92,4.0,1.0,1.0,4.0,3.0,1.0
93,2.0,1.0,1.0,3.0,1.0,4.0
94,3.0,2.0,2.0,4.0,4.0,1.0
95,3.0,3.0,2.0,2.0,3.0,3.0
96,1.0,1.0,1.0,3.0,3.0,4.0
97,3.0,2.0,2.0,4.0,4.0,4.0
98,4.0,3.0,1.0,4.0,4.0,1.0
99,2.0,4.0,3.0,2.0,2.0,2.0
100,3.0,1.0,1.0,2.0,1.0,2.0
101,3.0,1.0,2.0,3.0,2.0,3.0
102,1.0,2.0,2.0,2.0,2.0,2.0
103,2.0,2.0,3.0,4.0,4.0,4.0
104,3.0,4.0,2.0,2.0,2.0,4.0
105,3.0,1.0,4.0,4.0,2.0,3.0
106,2.0,1.0,2.0,3.0,2.0,3.0
107,1.0,1.0,4.0,3.0,3.0,4.0
108,2.0,2.0,2.0,4.0,1.0,2.0
109,1.0,1.0,1.0,1.0,3.0,2.0
110,1.0,2.0,2.0,3.0,2.0,3.0
111,4.0,4.0,1.0,1.0,4.0,2.0
112,1.0,2.0,4.0,3.0,4.0,2.0
113,2.0,1.0,3.0,3.0,2.0,1.0
114,2.0,2.0,1.0,3.0,1.0,4.0
115,1.0,2.0,2.0,1.0,3.0,4.0
116,4.0,1.0,2.0,3.0,4.0,4.0
117,2.0,1.0,3.0,2.0,2.0,1.0
118,1.0,3.0,1.0,2.0,4.0,2.0
119,3.0,1.0,2.0,1.0,3.0,3.0
120,1.0,1.0,2.0,2.0,2.0,4.0
121,1.0,1.0,1.0,4.0,4.0,3.0
122,2.0,1.0,4.0,4.0,2.0,4.0
123,4.0,1.0,3.0,2.0,2.0,3.0
124,4.0,3.0,1.0,1.0,2.0,1.0
125,2.0,1.0,1.0,1.0,2.0,3.0
126,4.0,4.0,4.0,1.0,3.0,1.0
127,2.0,3.0,3.0,2.0,4.0,4.0
128,4.0,1.0,2.0,3.0,2.0,4.0
129,3.0,2.0,3.0,1.0,4.0,2.0
130,3.0,2.0,2.0,1.0,4.0,4.0
131,4.0,3.0,2.0,1.0,1.0,1.0
132,4.0,1.0,4.0,4.0,1.0,1.0
133,2.0,4.0,3.0,4.0,4.0,4.0
134,4.0,1.0,2.0,4.0,4.0,4.0
135,2.0,3.0,4.0,3.0,4.0,4.0
136,1.0,1.0,4.0,2.0,4.0,1.0
137,1.0,2.0,1.0,3.0,1.0,3.0
138,3.0,2.0,4.0,1.0,1.0,3.0
139,1.0,4.0,1.0,1.0,3.0,4.0
140,4.0,3.0,4.0,2.0,2.0,1.0
141,2.0,1.0,4.0,1.0,3.0,2.0
142,2.0,2.0,3.0,2.0,1.0,3.0
143,2.0,3.0,2.0,4.0,1.0,4.0
144,1.0,2.0,3.0,4.0,4.0,1.0
145,1.0,1.0,3.0,3.0,1.0,2.0
146,1.0,1.0,4.0,1.0,3.0,2.0
147,4.0,2.0,2.0,3.0,1.0,1.0
148,2.0,4.0,4.0,4.0,4.0,3.0
149,1.0,3.0,1.0,2.0,2.0,3.0
150,3.0,3.0,1.0,1.0,1.0,1.0
151,4.0,4.0,4.0,1.0,3.0,4.0
152,3.0,4.0,1.0,1.0,1.0,2.0
153,2.0,3.0,3.0,1.0,2.0,2.0
154,2.0,4.0,4.0,1.0,2.0,3.0
155,2.0,1.0,4.0,2.0,3.0,3.0
156,1.0,1.0,4.0,1.0,3.0,2.0
157,2.0,4.0,4.0,2.0,1.0,1.0
158,2.0,4.0,3.0,1.0,2.0,3.0
159,2.0,3.0,4.0,2.0,1.0,3.0
160,3.0,4.0,2.0,1.0,2.0,4.0
161,3.0,3.0,3.0,4.0,2.0,3.0
162,2.0,1.0,4.0,1.0,2.0,4.0
163,2.0,2.0,2.0,4.0,4.0,2.0
164,3.0,2.0,1.0,2.0,4.0,2.0
165,1.0,4.0,1.0,4.0,3.0,1.0
166,1.0,3.0,3.0,2.0,3.0,3.0
167,4.0,3.0,3.0,2.0,4.0,3.0
168,2.0,2.0,4.0,3.0,3.0,4.0
169,3.0,3.0,1.0,4.0,3.0,2.0
170,4.0,2.0,1.0,2.0,2.0,1.0
171,3.0,2.0,2.0,1.0,4.0,4.0
172,3.0,1.0,3.0,1.0,1.0,2.0
173,1.0,3.0,4.0,1.0,1.0,1.0
174,4.0,3.0,1.0,2.0,4.0,2.0
175,4.0,3.0,4.0,3.0,4.0,4.0
176,4.0,4.0,4.0,2.0,4.0,3.0
177,1.0,2.0,2.0,4.0,4.0,4.0
178,4.0,1.0,4.0,3.0,4.0,1.0
179,4.0,4.0,3.0,1.0,3.0,4.0
180,4.0,1.0,3.0,3.0,3.0,1.0
181,3.0,2.0,1.0,4.0,1.0,1.0
182,4.0,2.0,1.0,4.0,1.0,3.0
183,4.0,4.0,2.0,2.0,1.0,4.0
184,2.0,2.0,3.0,3.0,1.0,2.0
185,1.0,1.0,1.0,1.0,2.0,4.0
186,1.0,4.0,3.0,2.0,2.0,2.0
187,3.0,1.0,2.0,3.0,4.0,3.0
188,3.0,4.0,1.0,1.0,1.0,1.0
189,1.0,1.0,3.0,3.0,1.0,3.0
190,3.0,3.0,2.0,3.0,2.0,4.0
191,1.0,2.0,3.0,1.0,2.0,2.0
192,1.0,4.0,4.0,4.0,1.0,2.0
193,3.0,3.0,3.0,2.0,3.0,1.0
194,2.0,2.0,3.0,4.0,1.0,2.0
195,3.0,1.0,2.0,4.0,1.0,3.0
196,3.0,3.0,2.0,4.0,3.0,4.0
197,1.0,4.0,1.0,3.0,4.0,1.0
198,1.0,1.0,1.0,1.0,2.0,3.0
199,1.0,2.0,3.0,1.0,3.0,3.0
200,1.0,2.0,3.0,2.0,1.0,1.0
201,2.0,4.0,1.0,2.0,1.0,2.0
202,2.0,2.0,2.0,3.0,4.0,1.0
203,2.0,1.0,3.0,4.0,2.0,4.0
204,4.0,2.0,2.0,2.0,4.0,3.0
205,1.0,1.0,2.0,1.0,2.0,4.0
206,2.0,2.0,1.0,3.0,2.0,4.0
207,1.0,1.0,2.0,1.0,3.0,3.0
208,2.0,1.0,3.0,3.0,1.0,2.0
209,4.0,2.0,1.0,2.0,2.0,1.0
210,1.0,1.0,2.0,1.0,1.0,3.0
211,3.0,3.0,4.0,2.0,1.0,2.0
212,4.0,1.0,4.0,2.0,1.0,4.0
213,4.0,3.0,3.0,1.0,1.0,4.0
214,3.0,2.0,2.0,2.0,2.0,3.0
215,3.0,2.0,3.0,1.0,4.0,2.0
216,4.0,3.0,4.0,3.0,2.0,4.0
217,3.0,1.0,4.0,4.0,4.0,2.0
218,2.0,3.0,4.0,3.0,4.0,3.0
219,1.0,1.0,2.0,4.0,4.0,1.0
220,4.0,2.0,1.0,4.0,1.0,3.0
221,4.0,3.0,2.0,3.0,4.0,4.0
222,4.0,2.0,3.0,3.0,4.0,4.0
223,3.0,2.0,4.0,4.0,2.0,1.0
224,2.0,1.0,4.0,3.0,1.0,4.0
225,1.0,4.0,1.0,1.0,1.0,2.0
226,1.0,4.0,4.0,2.0,2.0,1.0
227,4.0,3.0,1.0,3.0,2.0,4.0
228,1.0,1.0,2.0,1.0,1.0,4.0
229,2.0,2.0,1.0,1.0,1.0,2.0
230,2.0,4.0,1.0,3.0,1.0,2.0
231,4.0,1.0,1.0,2.0,1.0,1.0
232,4.0,4.0,3.0,4.0,2.0,1.0
233,1.0,3.0,4.0,4.0,3.0,2.0
234,2.0,2.0,2.0,3.0,4.0,3.0
235,4.0,2.0,3.0,2.0,1.0,3.0
236,3.0,2.0,3.0,1.0,3.0,3.0
237,3.0,4.0,1.0,1.0,1.0,3.0
238,4.0,1.0,1.0,1.0,3.0,1.0
239,3.0,4.0,2.0,4.0,3.0,2.0
240,1.0,3.0,2.0,2.0,2.0,1.0
241,2.0,2.0,3.0,2.0,1.0,2.0
242,4.0,3.0,3.0,2.0,1.0,1.0
243,1.0,4.0,4.0,4.0,1.0,4.0
244,4.0,1.0,1.0,1.0,3.0,4.0
245,3.0,4.0,3.0,2.0,3.0,1.0
246,4.0,1.0,1.0,4.0,3.0,3.0
247,3.0,3.0,2.0,3.0,4.0,2.0
248,1.0,4.0,3.0,2.0,4.0,4.0
249,4.0,1.0,2.0,4.0,3.0,1.0
250,4.0,4.0,4.0,4.0,4.0,1.0
251,4.0,4.0,3.0,2.0,3.0,2.0
252,3.0,2.0,1.0,2.0,4.0,3.0
253,2.0,4.0,3.0,1.0,1.0,4.0
254,1.0,1.0,3.0,4.0,4.0,2.0
255,3.0,2.0,3.0,3.0,1.0,4.0
256,4.0,4.0,4.0,4.0,1.0,1.0
257,1.0,2.0,2.0,3.0,2.0,4.0
258,1.0,1.0,3.0,4.0,3.0,1.0
259,2.0,2.0,4.0,3.0,2.0,2.0
260,2.0,4.0,4.0,3.0,1.0,2.0
261,4.0,3.0,3.0,3.0,1.0,4.0
262,3.0,4.0,1.0,1.0,3.0,1.0
263,3.0,2.0,4.0,3.0,2.0,4.0
264,3.0,2.0,1.0,2.0,2.0,2.0
265,2.0,4.0,1.0,4.0,4.0,4.0
266,4.0,3.0,1.0,2.0,4.0,2.0
267,3.0,3.0,2.0,2.0,2.0,3.0
268,4.0,2.0,4.0,1.0,4.0,2.0
269,4.0,2.0,4.0,3.0,4.0,2.0
270,1.0,2.0,3.0,3.0,4.0,4.0
271,1.0,4.0,3.0,2.0,4.0,4.0
272,4.0,2.0,2.0,3.0,4.0,2.0
273,3.0,4.0,4.0,3.0,1.0,2.0
274,1.0,2.0,1.0,1.0,3.0,3.0
275,2.0,2.0,2.0,3.0,4.0,3.0
276,1.0,1.0,4.0,2.0,4.0,1.0
277,3.0,1.0,2.0,3.0,4.0,4.0
278,4.0,4.0,2.0,1.0,3.0,3.0
279,4.0,2.0,2.0,1.0,3.0,1.0
280,1.0,3.0,1.0,2.0,3.0,2.0
281,3.0,2.0,1.0,3.0,3.0,1.0
282,1.0,1.0,3.0,1.0,1.0,1.0
283,2.0,2.0,3.0,2.0,2.0,4.0
284,1.0,2.0,1.0,1.0,4.0,1.0
285,2.0,4.0,4.0,1.0,2.0,3.0
286,1.0,1.0,2.0,3.0,2.0,3.0
287,1.0,2.0,1.0,1.0,3.0,3.0
288,3.0,1.0,1.0,4.0,4.0,3.0
289,2.0,1.0,4.0,3.0,4.0,2.0
290,1.0,2.0,3.0,4.0,1.0,1.0
291,3.0,3.0,3.0,1.0,4.0,3.0
292,4.0,4.0,4.0,2.0,2.0,2.0
293,4.0,3.0,4.0,3.0,3.0,2.0
294,1.0,3.0,1.0,4.0,1.0,1.0
295,3.0,4.0,1.0,2.0,4.0,1.0
296,4.0,2.0,3.0,1.0,4.0,3.0
297,3.0,3.0,1.0,3.0,1.0,1.0
298,1.0,4.0,1.0,2.0,4.0,3.0
299,1.0,3.0,3.0,1.0,2.0,3.0
300,3.0,4.0,2.0,1.0,4.0,3.0
301,2.0,1.0,2.0,3.0,2.0,3.0
302,3.0,4.0,4.0,4.0,3.0,2.0
303,3.0,4.0,4.0,2.0,4.0,3.0
304,1.0,1.0,1.0,3.0,4.0,2.0
305,1.0,4.0,4.0,2.0,2.0,1.0
306,3.0,3.0,3.0,3.0,4.0,4.0
307,4.0,4.0,1.0,4.0,3.0,1.0
308,2.0,3.0,3.0,4.0,2.0,2.0
309,2.0,1.0,3.0,2.0,4.0,2.0
310,2.0,1.0,1.0,3.0,4.0,2.0
311,3.0,3.0,3.0,3.0,3.0,3.0
312,2.0,1.0,4.0,3.0,4.0,3.0
313,1.0,1.0,3.0,4.0,2.0,4.0
314,4.0,2.0,3.0,1.0,1.0,3.0
315,1.0,4.0,2.0,2.0,2.0,4.0
316,1.0,3.0,1.0,1.0,1.0,3.0
317,1.0,1.0,2.0,4.0,4.0,3.0
318,1.0,1.0,3.0,3.0,2.0,2.0
319,2.0,4.0,2.0,2.0,3.0,2.0
320,3.0,1.0,3.0,3.0,2.0,2.0
321,1.0,4.0,2.0,3.0,4.0,2.0
322,4.0,4.0,2.0,4.0,1.0,1.0
323,4.0,3.0,3.0,3.0,3.0,3.0
324,3.0,4.0,4.0,3.0,3.0,2.0
325,4.0,1.0,4.0,3.0,4.0,1.0
326,1.0,4.0,1.0,3.0,1.0,1.0
327,4.0,4.0,4.0,3.0,4.0,4.0
328,2.0,1.0,3.0,2.0,4.0,4.0
329,3.0,4.0,3.0,3.0,2.0,3.0
330,1.0,4.0,3.0,1.0,2.0,3.0
331,1.0,2.0,2.0,1.0,2.0,3.0
332,2.0,3.0,3.0,2.0,1.0,2.0
333,2.0,3.0,4.0,3.0,2.0,2.0
334,1.0,2.0,1.0,1.0,4.0,3.0
335,1.0,2.0,3.0,2.0,1.0,3.0
336,3.0,4.0,1.0,3.0,4.0,2.0
337,4.0,1.0,4.0,2.0,4.0,4.0
338,4.0,1.0,3.0,4.0,4.0,4.0
339,3.0,3.0,4.0,2.0,3.0,1.0
340,4.0,1.0,3.0,1.0,1.0,3.0
341,2.0,2.0,3.0,3.0,1.0,4.0
342,1.0,2.0,2.0,2.0,1.0,2.0
343,3.0,2.0,1.0,2.0,2.0,2.0
344,3.0,3.0,4.0,1.0,3.0,2.0
345,3.0,3.0,3.0,1.0,1.0,3.0
346,2.0,2.0,2.0,3.0,1.0,4.0
347,4.0,4.0,4.0,3.0,3.0,4.0
348,2.0,1.0,1.0,2.0,1.0,1.0
349,2.0,1.0,3.0,3.0,3.0,3.0
350,4.0,4.0,1.0,3.0,4.0,1.0
351,1.0,2.0,4.0,1.0,2.0,2.0
352,3.0,4.0,2.0,1.0,3.0,3.0
353,2.0,1.0,3.0,1.0,4.0,4.0
354,4.0,2.0,3.0,2.0,3.0,4.0
355,3.0,3.0,3.0,2.0,4.0,4.0
356,3.0,2.0,2.0,4.0,1.0,1.0
357,2.0,3.0,1.0,4.0,3.0,2.0
358,3.0,2.0,2.0,3.0,4.0,4.0
359,2.0,3.0,3.0,1.0,1.0,1.0
360,1.0,3.0,3.0,1.0,3.0,1.0
361,3.0,2.0,3.0,1.0,2.0,3.0
362,3.0,2.0,4.0,4.0,2.0,3.0
363,2.0,2.0,1.0,4.0,2.0,2.0
364,1.0,4.0,2.0,4.0,2.0,2.0
365,2.0,4.0,3.0,1.0,2.0,3.0
366,4.0,4.0,2.0,1.0,2.0,2.0
367,1.0,1.0,4.0,2.0,3.0,1.0
368,2.0,1.0,1.0,3.0,3.0,1.0
369,4.0,2.0,3.0,1.0,2.0,3.0
370,2.0,2.0,1.0,1.0,2.0,4.0
371,3.0,2.0,3.0,3.0,1.0,3.0
372,2.0,1.0,3.0,1.0,2.0,2.0
373,1.0,2.0,4.0,4.0,4.0,4.0
374,2.0,2.0,4.0,3.0,2.0,3.0
375,1.0,2.0,1.0,3.0,4.0,2.0
376,2.0,2.0,3.0,1.0,1.0,3.0
377,1.0,1.0,3.0,4.0,4.0,3.0
378,3.0,2.0,4.0,1.0,2.0,2.0
379,2.0,4.0,3.0,1.0,3.0,4.0
380,1.0,2.0,1.0,3.0,4.0,1.0
381,3.0,2.0,2.0,2.0,1.0,4.0
382,2.0,3.0,1.0,2.0,3.0,3.0
383,1.0,3.0,4.0,1.0,1.0,1.0
384,1.0,1.0,1.0,2.0,4.0,2.0
385,1.0,3.0,3.0,3.0,3.0,3.0
386,1.0,2.0,2.0,1.0,2.0,1.0
387,1.0,1.0,3.0,3.0,2.0,2.0
388,4.0,2.0,4.0,3.0,4.0,3.0
389,4.0,2.0,3.0,2.0,1.0,1.0
390,4.0,1.0,2.0,2.0,1.0,1.0
391,2.0,3.0,3.0,4.0,2.0,4.0
392,4.0,4.0,4.0,2.0,4.0,1.0
393,2.0,2.0,1.0,2.0,3.0,2.0
394,4.0,2.0,1.0,4.0,3.0,1.0
395,3.0,1.0,3.0,1.0,4.0,2.0
396,1.0,2.0,1.0,3.0,4.0,2.0
397,1.0,1.0,2.0,1.0,2.0,1.0
398,2.0,1.0,1.0,1.0,1.0,1.0
399,4.0,1.0,4.0,2.0,2.0,1.0
400,4.0,1.0,4.0,1.0,2.0,3.0
401,2.0,1.0,1.0,2.0,3.0,3.0
402,1.0,2.0,3.0,2.0,4.0,1.0
403,4.0,1.0,3.0,3.0,1.0,2.0
404,3.0,1.0,2.0,3.0,3.0,1.0
405,3.0,2.0,1.0,1.0,3.0,3.0
406,1.0,3.0,3.0,3.0,4.0,2.0
407,1.0,3.0,4.0,1.0,1.0,1.0
408,2.0,4.0,1.0,1.0,3.0,1.0
409,1.0,3.0,1.0,2.0,2.0,3.0
410,2.0,4.0,4.0,2.0,2.0,3.0
411,2.0,4.0,3.0,1.0,3.0,2.0
412,2.0,4.0,2.0,4.0,4.0,3.0
413,1.0,4.0,1.0,3.0,3.0,4.0
414,2.0,1.0,1.0,2.0,4.0,1.0
415,4.0,3.0,1.0,2.0,1.0,2.0
416,3.0,2.0,4.0,1.0,2.0,3.0
417,4.0,4.0,3.0,1.0,3.0,2.0
418,2.0,4.0,3.0,3.0,2.0,1.0
419,2.0,4.0,3.0,3.0,4.0,4.0
420,2.0,1.0,3.0,1.0,4.0,2.0
421,1.0,3.0,1.0,3.0,1.0,1.0
422,3.0,2.0,4.0,4.0,2.0,2.0
423,1.0,1.0,2.0,2.0,3.0,4.0
424,2.0,2.0,2.0,4.0,2.0,3.0
425,4.0,4.0,3.0,2.0,2.0,2.0
426,1.0,4.0,4.0,2.0,3.0,1.0
427,3.0,4.0,4.0,4.0,4.0,1.0
428,1.0,2.0,1.0,2.0,1.0,1.0
429,1.0,3.0,4.0,1.0,2.0,2.0
430,2.0,1.0,1.0,1.0,1.0,2.0
431,1.0,2.0,1.0,2.0,4.0,4.0
432,2.0,3.0,3.0,3.0,4.0,4.0
433,2.0,3.0,2.0,4.0,2.0,4.0
434,4.0,2.0,1.0,1.0,4.0,4.0
435,3.0,3.0,4.0,2.0,1.0,4.0
436,2.0,3.0,2.0,4.0,3.0,2.0
437,1.0,3.0,3.0,2.0,3.0,4.0
438,2.0,2.0,1.0,1.0,3.0,2.0
439,2.0,3.0,4.0,3.0,2.0,2.0
440,1.0,4.0,2.0,3.0,4.0,2.0
441,2.0,4.0,3.0,4.0,4.0,3.0
442,3.0,1.0,4.0,3.0,3.0,4.0
443,1.0,2.0,4.0,2.0,2.0,2.0
444,3.0,2.0,4.0,2.0,2.0,2.0
445,1.0,2.0,3.0,1.0,2.0,2.0
446,1.0,4.0,4.0,4.0,4.0,2.0
447,2.0,1.0,3.0,1.0,1.0,3.0
448,3.0,1.0,4.0,4.0,4.0,4.0
449,2.0,4.0,4.0,3.0,4.0,4.0
450,3.0,1.0,3.0,1.0,1.0,4.0
451,3.0,4.0,1.0,3.0,3.0,3.0
452,1.0,1.0,4.0,2.0,4.0,2.0
453,2.0,1.0,3.0,1.0,2.0,3.0
454,3.0,1.0,3.0,1.0,2.0,4.0
455,3.0,4.0,4.0,1.0,3.0,1.0
456,3.0,3.0,3.0,1.0,1.0,1.0
457,2.0,4.0,2.0,3.0,4.0,4.0
458,1.0,2.0,1.0,1.0,3.0,3.0
459,4.0,1.0,1.0,4.0,1.0,4.0
460,3.0,1.0,3.0,4.0,2.0,2.0
461,1.0,4.0,1.0,3.0,2.0,4.0
462,4.0,3.0,3.0,3.0,2.0,4.0
463,3.0,4.0,1.0,3.0,4.0,1.0
464,1.0,1.0,4.0,2.0,4.0,3.0
465,4.0,4.0,4.0,1.0,1.0,1.0
466,2.0,4.0,4.0,1.0,4.0,2.0
467,4.0,2.0,1.0,1.0,3.0,1.0
468,2.0,1.0,4.0,3.0,4.0,2.0
469,4.0,4.0,4.0,1.0,4.0,4.0
470,4.0,4.0,4.0,1.0,3.0,3.0
471,3.0,3.0,2.0,1.0,3.0,1.0
472,2.0,3.0,1.0,3.0,3.0,1.0
473,2.0,2.0,3.0,3.0,2.0,1.0
474,1.0,1.0,3.0,2.0,4.0,2.0
475,2.0,1.0,1.0,3.0,1.0,4.0
476,3.0,1.0,1.0,2.0,2.0,2.0
477,4.0,2.0,1.0,2.0,1.0,2.0
478,2.0,2.0,2.0,2.0,2.0,4.0
479,1.0,2.0,2.0,3.0,2.0,1.0
480,4.0,3.0,2.0,3.0,4.0,4.0
481,4.0,2.0,2.0,1.0,2.0,2.0
482,1.0,4.0,4.0,2.0,3.0,2.0
483,4.0,4.0,3.0,4.0,2.0,1.0
484,3.0,2.0,3.0,3.0,3.0,2.0
485,4.0,1.0,2.0,4.0,3.0,1.0
486,3.0,1.0,3.0,3.0,1.0,4.0
487,1.0,1.0,2.0,3.0,4.0,2.0
488,1.0,4.0,2.0,3.0,4.0,4.0
489,3.0,4.0,4.0,2.0,1.0,2.0
490,2.0,2.0,2.0,3.0,1.0,2.0
491,4.0,3.0,4.0,4.0,4.0,3.0
492,1.0,1.0,4.0,2.0,1.0,1.0
493,4.0,4.0,1.0,3.0,4.0,4.0
494,4.0,4.0,2.0,3.0,4.0,2.0
495,2.0,3.0,3.0,1.0,3.0,2.0
496,2.0,4.0,4.0,3.0,4.0,2.0
497,3.0,3.0,1.0,4.0,1.0,1.0
498,3.0,1.0,2.0,1.0,4.0,4.0
499,4.0,3.0,2.0,3.0,3.0,3.0
500,4.0,3.0,1.0,1.0,2.0,1.0
501,2.0,2.0,1.0,4.0,1.0,3.0
502,4.0,4.0,3.0,3.0,2.0,1.0
503,1.0,1.0,2.0,4.0,1.0,2.0
504,1.0,2.0,4.0,2.0,3.0,1.0
505,4.0,3.0,4.0,3.0,2.0,2.0
506,3.0,2.0,1.0,1.0,1.0,3.0
507,4.0,1.0,1.0,4.0,1.0,1.0
508,3.0,1.0,2.0,4.0,4.0,2.0
509,3.0,2.0,2.0,1.0,2.0,3.0
510,2.0,4.0,4.0,3.0,2.0,3.0
511,4.0,1.0,2.0,4.0,1.0,4.0
512,4.0,3.0,2.0,2.0,3.0,4.0
513,1.0,4.0,1.0,2.0,2.0,2.0
514,1.0,1.0,3.0,4.0,1.0,1.0
515,1.0,3.0,4.0,3.0,3.0,2.0
516,2.0,2.0,4.0,4.0,4.0,2.0
517,3.0,1.0,3.0,2.0,3.0,1.0
518,1.0,3.0,1.0,1.0,2.0,3.0
519,2.0,4.0,3.0,3.0,2.0,1.0
520,3.0,1.0,3.0,4.0,2.0,4.0
521,4.0,4.0,4.0,1.0,3.0,3.0
522,4.0,4.0,3.0,1.0,4.0,4.0
523,4.0,4.0,4.0,2.0,2.0,2.0
524,3.0,2.0,3.0,1.0,3.0,1.0
525,1.0,1.0,4.0,2.0,2.0,2.0
526,1.0,4.0,4.0,1.0,3.0,4.0
527,1.0,1.0,1.0,2.0,4.0,4.0
528,3.0,1.0,3.0,3.0,1.0,1.0
529,2.0,1.0,1.0,1.0,1.0,2.0
530,2.0,2.0,2.0,2.0,1.0,3.0
531,3.0,3.0,2.0,4.0,4.0,1.0
532,1.0,1.0,3.0,1.0,4.0,4.0
533,2.0,1.0,4.0,1.0,4.0,3.0
534,1.0,1.0,3.0,3.0,4.0,3.0
535,1.0,4.0,1.0,2.0,2.0,3.0
536,1.0,1.0,2.0,1.0,2.0,4.0
537,2.0,4.0,3.0,1.0,2.0,2.0
538,1.0,3.0,2.0,1.0,1.0,4.0
539,2.0,1.0,3.0,2.0,1.0,2.0
540,2.0,2.0,1.0,3.0,1.0,3.0
541,2.0,2.0,3.0,1.0,2.0,4.0
542,4.0,2.0,4.0,3.0,4.0,2.0
543,4.0,1.0,2.0,4.0,1.0,3.0
544,3.0,3.0,2.0,2.0,2.0,1.0
545,1.0,4.0,1.0,3.0,1.0,2.0
546,4.0,3.0,3.0,3.0,2.0,2.0
547,2.0,1.0,1.0,2.0,2.0,4.0
548,4.0,3.0,1.0,1.0,2.0,3.0
549,2.0,1.0,1.0,2.0,4.0,2.0
550,2.0,2.0,2.0,3.0,2.0,2.0
551,2.0,4.0,1.0,1.0,3.0,4.0
552,3.0,1.0,1.0,3.0,4.0,4.0
553,3.0,2.0,1.0,1.0,1.0,2.0
554,1.0,2.0,2.0,2.0,1.0,4.0
555,1.0,1.0,3.0,2.0,1.0,4.0
556,4.0,2.0,2.0,2.0,1.0,3.0
557,3.0,2.0,2.0,1.0,4.0,3.0
558,4.0,2.0,3.0,3.0,2.0,4.0
559,1.0,1.0,4.0,1.0,2.0,4.0
560,2.0,4.0,1.0,2.0,4.0,4.0
561,1.0,3.0,3.0,2.0,4.0,4.0
562,2.0,3.0,2.0,2.0,1.0,2.0
563,3.0,3.0,3.0,1.0,4.0,4.0
564,1.0,4.0,2.0,4.0,3.0,3.0
565,3.0,4.0,3.0,2.0,4.0,4.0
566,4.0,1.0,4.0,1.0,4.0,1.0
567,3.0,1.0,1.0,2.0,3.0,3.0
568,2.0,1.0,2.0,1.0,2.0,4.0
569,3.0,4.0,3.0,2.0,4.0,1.0
570,2.0,3.0,3.0,1.0,3.0,2.0
571,3.0,4.0,4.0,3.0,3.0,2.0
572,1.0,4.0,2.0,3.0,3.0,4.0
573,2.0,2.0,2.0,2.0,3.0,3.0
574,1.0,2.0,3.0,2.0,3.0,2.0
575,4.0,4.0,4.0,1.0,3.0,2.0
576,1.0,3.0,4.0,1.0,1.0,1.0
577,2.0,3.0,4.0,4.0,4.0,4.0
578,2.0,2.0,3.0,3.0,1.0,2.0
579,1.0,2.0,3.0,2.0,1.0,2.0
580,2.0,4.0,4.0,4.0,3.0,4.0
581,3.0,2.0,1.0,4.0,4.0,1.0
582,2.0,1.0,2.0,3.0,1.0,2.0
583,1.0,1.0,2.0,4.0,2.0,3.0
584,3.0,4.0,3.0,3.0,4.0,2.0
585,3.0,1.0,2.0,2.0,1.0,2.0
586,2.0,1.0,1.0,4.0,4.0,1.0
587,2.0,3.0,3.0,2.0,1.0,3.0
588,4.0,1.0,3.0,3.0,1.0,4.0
589,2.0,2.0,1.0,3.0,2.0,3.0
590,1.0,4.0,3.0,4.0,1.0,2.0
591,1.0,3.0,1.0,2.0,2.0,3.0
592,4.0,1.0,4.0,2.0,2.0,2.0
593,1.0,4.0,3.0,1.0,1.0,1.0
594,3.0,3.0,3.0,1.0,3.0,3.0
595,2.0,4.0,3.0,3.0,2.0,4.0
596,2.0,1.0,4.0,1.0,1.0,1.0
597,2.0,2.0,1.0,2.0,1.0,1.0
598,1.0,1.0,1.0,3.0,2.0,1.0
599,3.0,3.0,1.0,4.0,1.0,3.0
600,1.0,4.0,3.0,2.0,4.0,4.0
601,2.0,2.0,3.0,2.0,2.0,1.0
602,2.0,3.0,2.0,2.0,4.0,3.0
603,3.0,4.0,2.0,4.0,1.0,1.0
604,1.0,3.0,2.0,3.0,4.0,2.0
605,1.0,1.0,4.0,4.0,2.0,2.0
606,3.0,1.0,2.0,4.0,4.0,1.0
607,1.0,4.0,1.0,1.0,1.0,4.0
608,1.0,4.0,3.0,3.0,3.0,2.0
609,3.0,3.0,3.0,4.0,4.0,3.0
610,3.0,2.0,3.0,2.0,2.0,4.0
611,1.0,3.0,4.0,3.0,4.0,3.0
612,2.0,2.0,3.0,3.0,1.0,2.0
613,1.0,3.0,3.0,1.0,4.0,4.0
614,2.0,2.0,3.0,3.0,1.0,1.0
615,2.0,4.0,1.0,3.0,2.0,2.0
616,1.0,2.0,2.0,1.0,4.0,3.0
617,2.0,1.0,4.0,2.0,2.0,1.0
618,3.0,3.0,1.0,4.0,1.0,4.0
619,3.0,4.0,1.0,2.0,2.0,2.0
620,4.0,4.0,2.0,4.0,3.0,4.0
621,4.0,1.0,4.0,2.0,4.0,4.0
622,2.0,4.0,2.0,1.0,3.0,2.0
623,3.0,1.0,3.0,1.0,1.0,2.0
624,4.0,1.0,1.0,1.0,4.0,1.0
625,1.0,3.0,3.0,1.0,3.0,4.0
626,1.0,1.0,4.0,4.0,1.0,1.0
627,2.0,2.0,1.0,4.0,2.0,3.0
628,3.0,4.0,2.0,4.0,1.0,3.0
629,3.0,2.0,3.0,1.0,4.0,3.0
630,3.0,2.0,3.0,2.0,3.0,2.0
631,2.0,1.0,4.0,3.0,1.0,1.0
632,1.0,2.0,1.0,2.0,3.0,2.0
633,1.0,1.0,4.0,2.0,2.0,4.0
634,1.0,3.0,1.0,1.0,1.0,1.0
635,1.0,4.0,3.0,3.0,1.0,3.0
636,4.0,2.0,4.0,3.0,2.0,4.0
637,3.0,1.0,3.0,3.0,1.0,3.0
638,4.0,2.0,2.0,1.0,3.0,3.0
639,3.0,4.0,2.0,3.0,2.0,3.0
640,4.0,3.0,2.0,2.0,3.0,2.0
641,3.0,3.0,4.0,3.0,4.0,1.0
642,2.0,2.0,2.0,2.0,1.0,2.0
643,4.0,4.0,3.0,1.0,1.0,3.0
644,2.0,2.0,2.0,4.0,2.0,1.0
645,1.0,4.0,1.0,2.0,4.0,4.0
646,1.0,1.0,4.0,2.0,1.0,1.0
647,2.0,2.0,3.0,1.0,3.0,3.0
648,3.0,3.0,3.0,2.0,2.0,3.0
649,2.0,1.0,4.0,3.0,4.0,1.0
650,2.0,4.0,1.0,4.0,4.0,3.0
651,3.0,2.0,2.0,4.0,1.0,4.0
652,3.0,3.0,3.0,1.0,2.0,3.0
653,1.0,3.0,1.0,1.0,2.0,3.0
654,2.0,4.0,2.0,1.0,2.0,2.0
655,3.0,2.0,3.0,1.0,4.0,1.0
656,2.0,1.0,1.0,3.0,4.0,1.0
657,1.0,1.0,2.0,2.0,4.0,4.0
658,1.0,2.0,1.0,2.0,3.0,1.0
659,1.0,2.0,1.0,3.0,2.0,1.0
660,1.0,4.0,1.0,1.0,1.0,4.0
661,2.0,4.0,4.0,1.0,4.0,2.0
662,3.0,4.0,1.0,2.0,3.0,1.0
663,3.0,2.0,1.0,2.0,2.0,2.0
664,2.0,2.0,4.0,2.0,1.0,2.0
665,2.0,2.0,2.0,1.0,4.0,3.0
666,2.0,1.0,3.0,2.0,3.0,4.0
667,2.0,3.0,4.0,4.0,2.0,1.0
668,4.0,1.0,2.0,4.0,3.0,1.0
669,2.0,2.0,1.0,1.0,1.0,2.0
670,1.0,4.0,3.0,2.0,1.0,3.0
671,3.0,4.0,4.0,1.0,1.0,2.0
672,3.0,1.0,1.0,1.0,2.0,3.0
673,2.0,1.0,1.0,4.0,3.0,3.0
674,2.0,4.0,1.0,3.0,2.0,4.0
675,1.0,2.0,2.0,4.0,2.0,3.0
676,4.0,2.0,3.0,4.0,2.0,1.0
677,1.0,3.0,3.0,1.0,2.0,3.0
678,2.0,3.0,1.0,2.0,3.0,3.0
679,2.0,2.0,2.0,1.0,4.0,2.0
680,1.0,1.0,1.0,4.0,2.0,3.0
681,1.0,4.0,1.0,1.0,3.0,4.0
682,4.0,2.0,4.0,3.0,3.0,4.0
683,1.0,2.0,4.0,2.0,3.0,1.0
684,1.0,4.0,2.0,2.0,4.0,2.0
685,3.0,4.0,4.0,3.0,4.0,1.0
686,1.0,1.0,3.0,2.0,1.0,1.0
687,4.0,4.0,1.0,4.0,2.0,4.0
688,2.0,2.0,3.0,4.0,3.0,4.0
689,1.0,1.0,1.0,2.0,1.0,1.0
690,3.0,3.0,2.0,1.0,3.0,3.0
691,3.0,2.0,3.0,1.0,4.0,3.0
692,4.0,1.0,1.0,4.0,1.0,4.0
693,2.0,2.0,2.0,2.0,2.0,2.0
694,1.0,1.0,1.0,2.0,4.0,4.0
695,2.0,1.0,3.0,2.0,2.0,3.0
696,3.0,1.0,3.0,2.0,2.0,1.0
697,1.0,1.0,2.0,3.0,2.0,3.0
698,3.0,2.0,4.0,3.0,4.0,2.0
699,4.0,4.0,1.0,2.0,1.0,2.0
700,4.0,2.0,2.0,4.0,1.0,4.0
701,1.0,3.0,1.0,1.0,2.0,2.0
702,4.0,4.0,4.0,1.0,2.0,4.0
703,4.0,4.0,3.0,2.0,2.0,4.0
704,4.0,2.0,3.0,2.0,4.0,4.0
705,4.0,1.0,4.0,3.0,2.0,2.0
706,2.0,1.0,2.0,1.0,1.0,2.0
707,2.0,3.0,3.0,1.0,3.0,2.0
708,1.0,3.0,1.0,3.0,3.0,3.0
709,4.0,3.0,1.0,2.0,3.0,2.0
710,4.0,3.0,2.0,3.0,1.0,4.0
711,2.0,2.0,1.0,3.0,2.0,3.0
712,4.0,2.0,1.0,4.0,1.0,1.0
713,2.0,4.0,1.0,4.0,4.0,3.0
714,2.0,3.0,3.0,1.0,1.0,3.0
715,1.0,4.0,1.0,3.0,4.0,1.0
716,1.0,2.0,2.0,2.0,2.0,1.0
717,1.0,4.0,1.0,3.0,3.0,3.0
718,4.0,1.0,1.0,2.0,2.0,1.0
719,3.0,2.0,4.0,3.0,4.0,1.0
720,2.0,4.0,3.0,2.0,2.0,1.0
721,1.0,1.0,3.0,4.0,2.0,4.0
722,2.0,3.0,3.0,4.0,2.0,1.0
723,3.0,1.0,1.0,4.0,1.0,1.0
724,1.0,2.0,4.0,1.0,4.0,3.0
725,2.0,4.0,3.0,3.0,2.0,1.0
726,4.0,1.0,1.0,1.0,4.0,2.0
727,2.0,4.0,4.0,2.0,3.0,1.0
728,3.0,2.0,3.0,1.0,1.0,3.0
729,3.0,2.0,2.0,1.0,3.0,2.0
730,1.0,3.0,1.0,2.0,1.0,1.0
731,2.0,2.0,1.0,4.0,1.0,4.0
732,2.0,1.0,1.0,2.0,3.0,3.0
733,3.0,2.0,3.0,4.0,4.0,1.0
734,4.0,1.0,2.0,2.0,3.0,2.0
735,4.0,4.0,3.0,2.0,2.0,3.0
736,1.0,1.0,4.0,1.0,4.0,2.0
737,4.0,3.0,1.0,2.0,2.0,3.0
738,4.0,1.0,4.0,3.0,4.0,2.0
739,3.0,2.0,4.0,3.0,2.0,1.0
740,1.0,2.0,2.0,4.0,1.0,4.0
741,1.0,3.0,2.0,1.0,2.0,3.0
742,3.0,4.0,4.0,1.0,3.0,4.0
743,1.0,1.0,1.0,3.0,4.0,4.0
744,4.0,4.0,1.0,3.0,4.0,1.0
745,3.0,3.0,1.0,1.0,4.0,3.0
746,3.0,2.0,3.0,2.0,4.0,1.0
747,2.0,4.0,2.0,1.0,2.0,3.0
748,2.0,2.0,3.0,4.0,3.0,3.0
749,4.0,1.0,3.0,2.0,3.0,4.0
750,4.0,2.0,3.0,3.0,2.0,1.0
751,3.0,2.0,2.0,4.0,1.0,4.0
752,2.0,1.0,2.0,3.0,4.0,3.0
753,1.0,4.0,1.0,4.0,2.0,3.0
754,1.0,2.0,2.0,2.0,2.0,2.0
755,3.0,1.0,3.0,2.0,2.0,2.0
756,1.0,2.0,2.0,2.0,1.0,1.0
757,1.0,3.0,1.0,2.0,2.0,3.0
758,2.0,1.0,3.0,4.0,4.0,2.0
759,1.0,3.0,3.0,3.0,3.0,2.0
760,1.0,1.0,1.0,4.0,4.0,1.0
761,1.0,4.0,4.0,2.0,1.0,4.0
762,1.0,3.0,4.0,2.0,3.0,1.0
763,1.0,3.0,1.0,3.0,1.0,4.0
764,4.0,3.0,2.0,2.0,2.0,1.0
765,3.0,1.0,1.0,2.0,4.0,4.0
766,1.0,4.0,1.0,2.0,2.0,4.0
767,1.0,2.0,1.0,4.0,3.0,3.0
768,3.0,4.0,2.0,2.0,2.0,4.0
769,3.0,4.0,3.0,2.0,3.0,1.0
770,4.0,2.0,2.0,2.0,4.0,4.0
771,2.0,4.0,2.0,2.0,2.0,2.0
772,2.0,3.0,2.0,4.0,1.0,4.0
773,1.0,1.0,1.0,3.0,4.0,4.0
774,2.0,4.0,3.0,3.0,2.0,2.0
775,2.0,3.0,3.0,4.0,1.0,4.0
776,1.0,2.0,1.0,4.0,2.0,3.0
777,1.0,1.0,2.0,4.0,1.0,1.0
778,2.0,2.0,2.0,1.0,2.0,1.0
779,4.0,3.0,2.0,3.0,4.0,4.0
780,2.0,1.0,1.0,2.0,2.0,3.0
781,4.0,3.0,4.0,3.0,2.0,4.0
782,3.0,1.0,1.0,1.0,1.0,2.0
783,2.0,4.0,1.0,2.0,3.0,1.0
784,2.0,4.0,3.0,1.0,1.0,4.0
785,3.0,1.0,2.0,4.0,3.0,2.0
786,1.0,4.0,1.0,1.0,3.0,3.0
787,3.0,4.0,1.0,4.0,4.0,3.0
788,3.0,4.0,4.0,1.0,1.0,2.0
789,1.0,2.0,3.0,1.0,2.0,4.0
790,4.0,2.0,4.0,1.0,1.0,2.0
791,4.0,3.0,4.0,2.0,4.0,4.0
792,3.0,1.0,1.0,4.0,2.0,3.0
793,1.0,3.0,2.0,4.0,3.0,2.0
794,1.0,2.0,4.0,4.0,3.0,1.0
795,2.0,2.0,3.0,2.0,2.0,4.0
796,2.0,2.0,3.0,3.0,1.0,2.0
797,1.0,2.0,2.0,4.0,4.0,2.0
798,4.0,1.0,4.0,3.0,4.0,2.0
799,3.0,1.0,1.0,3.0,2.0,4.0
800,1.0,2.0,1.0,1.0,1.0,2.0
801,1.0,1.0,3.0,1.0,2.0,1.0
802,3.0,4.0,2.0,4.0,2.0,4.0
803,2.0,2.0,2.0,2.0,1.0,1.0
804,2.0,4.0,1.0,3.0,2.0,3.0
805,1.0,4.0,2.0,3.0,3.0,2.0
806,4.0,3.0,1.0,1.0,1.0,3.0
807,4.0,3.0,2.0,1.0,4.0,3.0
808,4.0,3.0,2.0,4.0,4.0,4.0
809,3.0,3.0,2.0,4.0,4.0,4.0
810,4.0,4.0,3.0,3.0,3.0,2.0
811,2.0,3.0,1.0,2.0,2.0,3.0
812,2.0,2.0,3.0,2.0,1.0,2.0
813,1.0,4.0,4.0,1.0,4.0,1.0
814,1.0,3.0,2.0,2.0,2.0,4.0
815,1.0,1.0,4.0,3.0,3.0,1.0
816,4.0,4.0,2.0,3.0,3.0,4.0
817,2.0,1.0,3.0,1.0,3.0,3.0
818,2.0,4.0,3.0,2.0,1.0,4.0
819,2.0,1.0,3.0,1.0,3.0,1.0
820,4.0,4.0,1.0,3.0,1.0,2.0
821,4.0,1.0,4.0,4.0,2.0,3.0
822,3.0,4.0,1.0,1.0,2.0,3.0
823,3.0,2.0,3.0,2.0,3.0,2.0
824,4.0,1.0,4.0,3.0,2.0,3.0
825,3.0,1.0,4.0,4.0,3.0,3.0
826,4.0,1.0,2.0,1.0,3.0,2.0
827,2.0,2.0,3.0,1.0,2.0,3.0
828,2.0,4.0,4.0,1.0,4.0,2.0
829,4.0,4.0,3.0,1.0,3.0,2.0
830,2.0,2.0,2.0,3.0,4.0,1.0
831,3.0,1.0,2.0,1.0,3.0,1.0
832,1.0,2.0,2.0,2.0,3.0,3.0
833,1.0,3.0,4.0,3.0,3.0,2.0
834,1.0,3.0,1.0,2.0,3.0,4.0
835,2.0,3.0,3.0,1.0,2.0,3.0
836,3.0,1.0,1.0,3.0,4.0,3.0
837,1.0,1.0,2.0,4.0,1.0,1.0
838,2.0,4.0,1.0,4.0,3.0,3.0
839,2.0,4.0,2.0,2.0,1.0,4.0
840,1.0,4.0,2.0,4.0,1.0,4.0
841,1.0,4.0,1.0,2.0,2.0,4.0
842,1.0,2.0,2.0,2.0,3.0,1.0
843,4.0,4.0,2.0,4.0,2.0,1.0
844,2.0,1.0,1.0,1.0,3.0,4.0
845,3.0,4.0,3.0,4.0,4.0,3.0
846,1.0,1.0,1.0,4.0,2.0,4.0
847,4.0,1.0,1.0,2.0,3.0,3.0
848,4.0,4.0,4.0,4.0,3.0,4.0
849,4.0,4.0,3.0,3.0,1.0,1.0
850,2.0,2.0,3.0,3.0,2.0,2.0
851,4.0,3.0,3.0,4.0,3.0,4.0
852,3.0,4.0,3.0,4.0,2.0,2.0
853,2.0,2.0,3.0,1.0,3.0,1.0
854,2.0,3.0,3.0,2.0,4.0,1.0
855,4.0,3.0,3.0,2.0,1.0,3.0
856,4.0,2.0,2.0,3.0,1.0,4.0
857,2.0,3.0,3.0,1.0,2.0,2.0
858,4.0,1.0,1.0,1.0,1.0,3.0
859,2.0,2.0,4.0,3.0,4.0,1.0
860,4.0,2.0,3.0,1.0,4.0,4.0
861,2.0,2.0,2.0,2.0,3.0,4.0
862,3.0,4.0,3.0,2.0,3.0,3.0
863,2.0,2.0,2.0,2.0,1.0,3.0
864,1.0,4.0,1.0,3.0,4.0,1.0
865,2.0,2.0,4.0,4.0,2.0,4.0
866,4.0,2.0,1.0,4.0,4.0,3.0
867,3.0,3.0,3.0,1.0,2.0,3.0
868,2.0,4.0,3.0,4.0,3.0,1.0
869,3.0,4.0,1.0,2.0,3.0,1.0
870,4.0,4.0,1.0,1.0,2.0,3.0
871,1.0,3.0,4.0,4.0,3.0,1.0
872,1.0,4.0,3.0,2.0,2.0,1.0
873,4.0,3.0,2.0,1.0,2.0,4.0
874,2.0,2.0,3.0,1.0,1.0,1.0
875,2.0,3.0,3.0,4.0,1.0,3.0
876,2.0,2.0,1.0,1.0,3.0,3.0
877,1.0,2.0,1.0,2.0,3.0,3.0
878,4.0,4.0,3.0,3.0,1.0,1.0
879,1.0,1.0,1.0,3.0,1.0,1.0
880,3.0,2.0,2.0,1.0,3.0,2.0
881,1.0,3.0,3.0,3.0,4.0,3.0
882,1.0,1.0,4.0,3.0,1.0,3.0
883,1.0,1.0,4.0,2.0,3.0,1.0
884,4.0,4.0,4.0,1.0,3.0,2.0
885,2.0,3.0,4.0,1.0,2.0,2.0
886,2.0,1.0,1.0,3.0,1.0,2.0
887,1.0,1.0,1.0,1.0,4.0,3.0
888,4.0,1.0,4.0,4.0,4.0,4.0
889,3.0,2.0,3.0,2.0,3.0,1.0
890,2.0,1.0,3.0,2.0,3.0,4.0
891,1.0,2.0,1.0,3.0,1.0,1.0
892,1.0,4.0,1.0,1.0,4.0,2.0
893,4.0,3.0,1.0,4.0,4.0,3.0
894,1.0,1.0,3.0,2.0,1.0,1.0
895,2.0,3.0,3.0,1.0,1.0,3.0
896,3.0,4.0,4.0,1.0,4.0,1.0
897,1.0,2.0,1.0,4.0,2.0,1.0
898,2.0,3.0,4.0,1.0,4.0,1.0
899,4.0,3.0,1.0,4.0,4.0,1.0
900,2.0,2.0,1.0,3.0,3.0,3.0
901,3.0,2.0,4.0,2.0,1.0,4.0
902,1.0,1.0,3.0,1.0,3.0,2.0
903,2.0,4.0,1.0,4.0,2.0,4.0
904,2.0,3.0,1.0,4.0,4.0,1.0
905,1.0,1.0,1.0,1.0,4.0,1.0
906,3.0,2.0,1.0,3.0,2.0,1.0
907,4.0,2.0,2.0,3.0,4.0,2.0
908,1.0,4.0,4.0,3.0,2.0,3.0
909,1.0,4.0,3.0,2.0,3.0,4.0
910,3.0,4.0,3.0,4.0,2.0,4.0
911,1.0,3.0,4.0,1.0,2.0,2.0
912,2.0,4.0,2.0,4.0,3.0,4.0
913,1.0,2.0,2.0,2.0,2.0,1.0
914,2.0,1.0,3.0,3.0,2.0,2.0
915,2.0,2.0,2.0,1.0,3.0,1.0
916,4.0,2.0,4.0,3.0,2.0,1.0
917,2.0,4.0,3.0,2.0,4.0,4.0
918,2.0,4.0,1.0,1.0,3.0,1.0
919,2.0,3.0,3.0,3.0,3.0,2.0
920,2.0,4.0,2.0,3.0,2.0,2.0
921,1.0,2.0,3.0,1.0,4.0,4.0
922,3.0,4.0,2.0,3.0,2.0,4.0
923,2.0,4.0,1.0,3.0,2.0,3.0
924,3.0,1.0,3.0,1.0,2.0,2.0
925,1.0,4.0,4.0,3.0,3.0,1.0
926,1.0,1.0,2.0,1.0,3.0,1.0
927,1.0,1.0,1.0,2.0,4.0,1.0
928,2.0,3.0,3.0,3.0,2.0,3.0
929,2.0,3.0,4.0,1.0,2.0,4.0
930,2.0,3.0,3.0,3.0,3.0,4.0
931,1.0,2.0,4.0,4.0,3.0,1.0
932,4.0,4.0,4.0,4.0,3.0,2.0
933,1.0,3.0,1.0,4.0,2.0,3.0
934,1.0,3.0,1.0,3.0,2.0,2.0
935,4.0,4.0,3.0,4.0,2.0,2.0
936,3.0,4.0,1.0,4.0,1.0,1.0
937,1.0,4.0,2.0,1.0,1.0,2.0
938,1.0,1.0,1.0,3.0,3.0,1.0
939,3.0,1.0,3.0,4.0,1.0,1.0
940,1.0,1.0,1.0,4.0,2.0,1.0
941,3.0,2.0,3.0,4.0,3.0,1.0
942,2.0,2.0,1.0,2.0,4.0,4.0
943,2.0,2.0,3.0,1.0,2.0,1.0
944,3.0,1.0,2.0,3.0,4.0,3.0
945,4.0,2.0,2.0,2.0,4.0,2.0
946,3.0,4.0,1.0,1.0,3.0,3.0
947,2.0,1.0,1.0,3.0,3.0,3.0
948,1.0,1.0,4.0,2.0,3.0,2.0
949,4.0,3.0,3.0,2.0,3.0,4.0
950,4.0,4.0,1.0,1.0,2.0,4.0
951,1.0,3.0,1.0,4.0,3.0,2.0
952,2.0,1.0,4.0,3.0,1.0,3.0
953,4.0,2.0,2.0,2.0,1.0,2.0
954,1.0,1.0,1.0,4.0,4.0,1.0
955,1.0,1.0,4.0,3.0,4.0,4.0
956,1.0,2.0,1.0,4.0,2.0,2.0
957,1.0,3.0,1.0,2.0,1.0,2.0
958,2.0,1.0,1.0,2.0,2.0,1.0
959,4.0,4.0,1.0,2.0,2.0,4.0
960,1.0,1.0,3.0,3.0,1.0,1.0
961,3.0,3.0,2.0,1.0,1.0,1.0
962,4.0,2.0,4.0,3.0,2.0,4.0
963,4.0,2.0,4.0,3.0,1.0,1.0
964,1.0,1.0,3.0,1.0,1.0,2.0
965,4.0,1.0,1.0,3.0,4.0,4.0
966,3.0,1.0,1.0,2.0,2.0,3.0
967,3.0,4.0,1.0,3.0,1.0,3.0
968,1.0,3.0,3.0,3.0,3.0,2.0
969,4.0,3.0,4.0,3.0,1.0,2.0
970,3.0,1.0,4.0,1.0,2.0,3.0
971,2.0,4.0,2.0,1.0,1.0,1.0
972,1.0,1.0,2.0,1.0,4.0,2.0
973,2.0,2.0,2.0,2.0,3.0,3.0
974,3.0,2.0,1.0,1.0,3.0,1.0
975,1.0,1.0,1.0,2.0,4.0,2.0
976,4.0,1.0,1.0,1.0,2.0,3.0
977,3.0,2.0,1.0,1.0,4.0,1.0
978,1.0,3.0,2.0,1.0,3.0,2.0
979,4.0,4.0,2.0,3.0,3.0,2.0
980,1.0,4.0,1.0,2.0,2.0,2.0
981,3.0,4.0,2.0,3.0,4.0,2.0
982,3.0,2.0,2.0,1.0,2.0,4.0
983,2.0,2.0,2.0,2.0,3.0,2.0
984,3.0,2.0,2.0,1.0,2.0,3.0
985,3.0,4.0,3.0,1.0,2.0,2.0
986,2.0,1.0,1.0,1.0,2.0,4.0
987,2.0,4.0,2.0,2.0,3.0,1.0
988,4.0,2.0,2.0,1.0,2.0,1.0
989,3.0,1.0,2.0,1.0,3.0,2.0
990,2.0,4.0,2.0,3.0,1.0,1.0
991,3.0,4.0,2.0,2.0,1.0,1.0
992,2.0,4.0,4.0,4.0,2.0,4.0
993,1.0,1.0,2.0,4.0,3.0,3.0
994,1.0,1.0,3.0,1.0,3.0,1.0
995,4.0,3.0,3.0,1.0,3.0,2.0
996,3.0,4.0,4.0,2.0,1.0,1.0
997,3.0,1.0,2.0,4.0,2.0,4.0
998,4.0,1.0,2.0,4.0,1.0,2.0
999,3.0,4.0,3.0,2.0,3.0,4.0
1000,1.0,1.0,3.0,3.0,1.0,1.0
1001,4.0,4.0,2.0,4.0,3.0,3.0
1002,3.0,4.0,3.0,2.0,4.0,4.0
1003,3.0,2.0,4.0,1.0,4.0,4.0
1004,2.0,4.0,4.0,4.0,4.0,1.0
1005,4.0,2.0,4.0,3.0,4.0,2.0
1006,1.0,3.0,3.0,2.0,1.0,4.0
1007,2.0,4.0,2.0,4.0,3.0,2.0
1008,1.0,3.0,3.0,1.0,3.0,3.0
1009,2.0,1.0,2.0,3.0,4.0,2.0
1010,4.0,3.0,2.0,3.0,1.0,4.0
1011,1.0,2.0,3.0,3.0,2.0,4.0
1012,4.0,1.0,4.0,4.0,4.0,4.0
1013,1.0,4.0,2.0,4.0,1.0,1.0
1014,4.0,1.0,1.0,4.0,4.0,4.0
1015,3.0,2.0,1.0,4.0,1.0,3.0
1016,1.0,3.0,1.0,3.0,3.0,3.0
1017,3.0,4.0,3.0,1.0,3.0,2.0
1018,1.0,1.0,4.0,4.0,2.0,1.0
1019,1.0,1.0,3.0,2.0,4.0,3.0
1020,2.0,2.0,2.0,1.0,3.0,2.0
1021,1.0,1.0,1.0,3.0,4.0,4.0
1022,2.0,4.0,3.0,4.0,3.0,1.0
1023,4.0,1.0,1.0,1.0,2.0,4.0
1024,3.0,2.0,2.0,1.0,2.0,2.0
1025,1.0,1.0,3.0,1.0,3.0,2.0
1026,3.0,1.0,3.0,2.0,3.0,3.0
1027,3.0,1.0,3.0,1.0,2.0,3.0
1028,4.0,1.0,2.0,4.0,2.0,2.0
1029,1.0,1.0,1.0,2.0,1.0,1.0
1030,3.0,4.0,2.0,1.0,1.0,1.0
1031,4.0,3.0,4.0,4.0,2.0,3.0
1032,1.0,4.0,4.0,2.0,4.0,4.0
1033,3.0,1.0,2.0,2.0,1.0,1.0
1034,4.0,3.0,1.0,2.0,2.0,1.0
1035,3.0,4.0,3.0,2.0,4.0,1.0
1036,1.0,3.0,1.0,3.0,2.0,3.0
1037,1.0,4.0,3.0,2.0,2.0,4.0
1038,1.0,3.0,2.0,1.0,1.0,3.0
1039,3.0,1.0,1.0,1.0,3.0,2.0
1040,4.0,1.0,4.0,2.0,2.0,1.0
1041,4.0,3.0,1.0,1.0,3.0,3.0
1042,2.0,4.0,1.0,2.0,2.0,3.0
1043,3.0,4.0,4.0,3.0,3.0,1.0
1044,2.0,4.0,1.0,1.0,1.0,1.0
1045,4.0,3.0,4.0,2.0,4.0,4.0
1046,2.0,2.0,1.0,1.0,1.0,4.0
1047,4.0,2.0,4.0,1.0,1.0,3.0
1048,2.0,4.0,1.0,4.0,2.0,2.0
1049,4.0,4.0,4.0,1.0,4.0,1.0
1050,1.0,4.0,1.0,1.0,3.0,3.0
1051,1.0,4.0,4.0,2.0,4.0,2.0
1052,1.0,2.0,1.0,2.0,1.0,2.0
1053,3.0,4.0,2.0,3.0,2.0,1.0
1054,1.0,4.0,1.0,4.0,3.0,1.0
1055,3.0,2.0,2.0,3.0,1.0,2.0
1056,3.0,2.0,1.0,1.0,4.0,3.0
1057,2.0,2.0,2.0,1.0,2.0,3.0
1058,2.0,4.0,4.0,2.0,3.0,4.0
1059,4.0,1.0,1.0,1.0,3.0,1.0
1060,2.0,4.0,3.0,4.0,2.0,2.0
1061,1.0,4.0,4.0,4.0,4.0,2.0
1062,1.0,3.0,4.0,3.0,1.0,2.0
1063,3.0,3.0,2.0,1.0,4.0,2.0
1064,4.0,1.0,2.0,4.0,2.0,1.0
1065,1.0,1.0,4.0,4.0,2.0,2.0
1066,3.0,3.0,2.0,4.0,1.0,1.0
1067,1.0,4.0,3.0,2.0,3.0,4.0
1068,1.0,2.0,3.0,4.0,4.0,1.0
1069,3.0,3.0,1.0,2.0,1.0,1.0
1070,4.0,1.0,2.0,1.0,3.0,4.0
1071,4.0,4.0,4.0,1.0,4.0,4.0
1072,2.0,3.0,2.0,2.0,2.0,2.0
1073,1.0,4.0,3.0,2.0,2.0,3.0
1074,1.0,2.0,1.0,1.0,2.0,1.0
1075,3.0,2.0,2.0,3.0,2.0,3.0
1076,4.0,1.0,3.0,1.0,2.0,4.0
1077,2.0,2.0,3.0,3.0,3.0,1.0
1078,1.0,1.0,1.0,1.0,1.0,3.0
1079,4.0,1.0,3.0,4.0,4.0,2.0
1080,2.0,3.0,3.0,3.0,4.0,4.0
1081,4.0,4.0,2.0,4.0,3.0,2.0
1082,4.0,3.0,2.0,2.0,1.0,1.0
1083,4.0,1.0,1.0,2.0,4.0,3.0
1084,4.0,4.0,2.0,2.0,3.0,4.0
1085,3.0,3.0,1.0,1.0,2.0,4.0
1086,4.0,1.0,2.0,3.0,3.0,4.0
1087,4.0,1.0,1.0,1.0,2.0,2.0
1088,1.0,3.0,4.0,2.0,4.0,3.0
1089,4.0,4.0,2.0,3.0,1.0,3.0
1090,2.0,4.0,2.0,1.0,3.0,4.0
1091,2.0,4.0,4.0,1.0,3.0,4.0
1092,2.0,2.0,3.0,4.0,2.0,4.0
1093,1.0,2.0,2.0,2.0,1.0,1.0
1094,2.0,4.0,3.0,1.0,4.0,3.0
1095,1.0,2.0,2.0,1.0,2.0,1.0
1096,3.0,1.0,4.0,4.0,2.0,1.0
1097,2.0,1.0,4.0,4.0,4.0,1.0
1098,4.0,4.0,3.0,1.0,1.0,3.0
1099,3.0,1.0,4.0,3.0,4.0,4.0
1100,4.0,3.0,3.0,1.0,3.0,2.0
1101,3.0,1.0,2.0,3.0,2.0,2.0
1102,3.0,4.0,1.0,4.0,1.0,2.0
1103,4.0,4.0,3.0,2.0,3.0,2.0
1104,2.0,1.0,2.0,3.0,2.0,1.0
1105,2.0,1.0,2.0,2.0,3.0,1.0
1106,4.0,3.0,3.0,3.0,2.0,1.0
1107,4.0,1.0,1.0,1.0,2.0,4.0
1108,4.0,4.0,1.0,1.0,2.0,1.0
1109,1.0,4.0,3.0,2.0,2.0,2.0
1110,3.0,4.0,1.0,1.0,1.0,2.0
1111,3.0,1.0,3.0,3.0,3.0,1.0
1112,3.0,3.0,1.0,1.0,1.0,3.0
1113,4.0,4.0,4.0,3.0,4.0,2.0
1114,3.0,3.0,2.0,2.0,2.0,3.0
1115,2.0,2.0,1.0,2.0,2.0,2.0
1116,4.0,1.0,4.0,2.0,3.0,3.0
1117,4.0,4.0,3.0,1.0,2.0,4.0
1118,2.0,2.0,2.0,1.0,1.0,1.0
1119,4.0,2.0,2.0,4.0,1.0,1.0
1120,2.0,1.0,4.0,4.0,3.0,3.0
1121,1.0,2.0,1.0,1.0,3.0,1.0
1122,2.0,4.0,2.0,1.0,4.0,2.0
1123,1.0,4.0,4.0,1.0,2.0,4.0
1124,1.0,1.0,4.0,4.0,4.0,1.0
1125,3.0,3.0,4.0,2.0,3.0,1.0
1126,3.0,3.0,3.0,3.0,1.0,2.0
1127,1.0,4.0,3.0,2.0,4.0,4.0
1128,3.0,4.0,1.0,1.0,1.0,2.0
1129,4.0,2.0,1.0,4.0,4.0,2.0
1130,3.0,1.0,1.0,4.0,3.0,1.0
1131,2.0,1.0,3.0,2.0,4.0,2.0
1132,2.0,1.0,4.0,4.0,2.0,1.0
1133,4.0,1.0,1.0,2.0,2.0,3.0
1134,2.0,3.0,4.0,4.0,1.0,2.0
1135,4.0,3.0,4.0,3.0,4.0,4.0
1136,2.0,4.0,1.0,1.0,2.0,2.0
1137,2.0,3.0,2.0,3.0,1.0,3.0
1138,2.0,4.0,1.0,3.0,4.0,4.0
1139,3.0,4.0,3.0,4.0,3.0,1.0
1140,1.0,1.0,3.0,2.0,3.0,4.0
1141,2.0,2.0,1.0,3.0,4.0,3.0
1142,2.0,4.0,1.0,2.0,4.0,4.0
1143,1.0,3.0,1.0,2.0,2.0,4.0
1144,2.0,1.0,1.0,2.0,3.0,4.0
1145,3.0,3.0,3.0,1.0,4.0,3.0
1146,2.0,3.0,3.0,3.0,3.0,2.0
1147,2.0,2.0,3.0,4.0,1.0,4.0
1148,4.0,1.0,1.0,1.0,2.0,3.0
1149,1.0,4.0,1.0,3.0,3.0,2.0
1150,1.0,1.0,2.0,1.0,3.0,1.0
1151,2.0,1.0,2.0,1.0,2.0,2.0
1152,2.0,3.0,3.0,3.0,1.0,3.0
1153,1.0,2.0,2.0,1.0,4.0,3.0
1154,3.0,1.0,2.0,1.0,2.0,2.0
1155,2.0,2.0,2.0,2.0,3.0,1.0
1156,3.0,3.0,1.0,1.0,1.0,4.0
1157,3.0,2.0,4.0,2.0,1.0,1.0
1158,2.0,1.0,2.0,1.0,3.0,1.0
1159,2.0,2.0,3.0,3.0,3.0,2.0
1160,3.0,3.0,4.0,3.0,4.0,3.0
1161,4.0,4.0,4.0,4.0,2.0,4.0
1162,3.0,1.0,3.0,4.0,1.0,2.0
1163,2.0,2.0,2.0,1.0,4.0,4.0
1164,2.0,4.0,1.0,1.0,3.0,3.0
1165,2.0,1.0,2.0,4.0,4.0,3.0
1166,4.0,3.0,3.0,4.0,2.0,1.0
1167,3.0,1.0,4.0,3.0,4.0,3.0
1168,1.0,1.0,4.0,3.0,4.0,3.0
1169,3.0,2.0,4.0,4.0,2.0,2.0
1170,2.0,3.0,3.0,3.0,1.0,1.0
1171,2.0,2.0,3.0,3.0,4.0,1.0
1172,3.0,1.0,3.0,3.0,2.0,2.0
1173,4.0,1.0,4.0,2.0,3.0,3.0
1174,2.0,2.0,2.0,3.0,2.0,3.0
1175,2.0,3.0,3.0,4.0,3.0,2.0
1176,4.0,3.0,4.0,4.0,2.0,4.0
1177,2.0,1.0,4.0,2.0,4.0,4.0
1178,4.0,4.0,2.0,3.0,3.0,2.0
1179,4.0,4.0,3.0,2.0,4.0,4.0
1180,1.0,3.0,1.0,2.0,2.0,4.0
1181,1.0,2.0,2.0,4.0,2.0,1.0
1182,4.0,1.0,2.0,3.0,1.0,1.0
1183,1.0,4.0,3.0,1.0,4.0,1.0
1184,4.0,2.0,2.0,2.0,3.0,4.0
1185,4.0,1.0,3.0,3.0,1.0,3.0
1186,4.0,4.0,4.0,4.0,4.0,1.0
1187,4.0,2.0,4.0,1.0,3.0,2.0
1188,4.0,1.0,1.0,2.0,1.0,4.0
1189,3.0,4.0,1.0,4.0,3.0,1.0
1190,2.0,3.0,3.0,1.0,1.0,3.0
1191,4.0,4.0,2.0,2.0,2.0,4.0
